blog,reporting-revolution-data-dumps-to-decision-support,"The Reporting Revolution: From Data Dumps to Decision Support","Business Reporting — From Data Dumps to Decision Support | TBC","Business reporting wastes skilled hours and remains largely unread. Learn how to turn manual data dumps into active decision support. TBC, NCR.",P2
blog,language-of-ai-key-terms-business-leaders-should-understand,"The Language of AI: Key Terms Every Business Leader Should Actually Understand","Language of AI — Key Terms Business Leaders Should Understand | TBC","AI jargon creates unnecessary barriers for leaders making strategic decisions. Learn how to master key AI terms without the technical noise. TBC, NCR.",P1
blog,exit-preparation-founder-thinks-about-too-late,"The Exit Preparation No Founder Thinks About Until It Is Too Late","Exit Preparation — What No Founder Thinks About Until Too Late | TBC","Founders mistakenly delay exit planning until they are actively selling. Learn how to build a well-run, exit-ready business today. TBC, NCR.",P4
blog,ai-hr-people-operations-where-intelligence-helps,"AI for HR and People Operations: Where Intelligence Helps and Where It Should Not Go","AI for HR — Where Intelligence Helps and Where It Should Not Go | TBC","AI handles administrative processes well but cannot replace human judgment calls. Learn where to safely apply AI in your people operations. TBC, NCR.",P1
blog,art-of-saying-no-senior-leaders-protect-strategic-focus,"The Art of Saying No: How Senior Leaders Protect Strategic Focus","The Art of Saying No — How Senior Leaders Protect Strategic Focus | TBC","Saying no carries immediate relationship costs but protects your strategic focus. Learn how senior leaders master the art of declining. TBC, NCR.",P4
blog,compound-effect-ai-advantage-grows-over-time,"The Compound Effect of AI: Why the Advantage Grows Over Time","Compound Effect of AI — Why The Advantage Grows Over Time | TBC","Most competitive advantages decay, but AI advantage compounds correctly. Learn how to build an AI asset that grows your edge over time. TBC, NCR.",P1
guide,how-to-implement-5s-in-your-factory-without-it-becoming-a-one-time-exercise,"How to implement 5S in your factory without it becoming a one-time exercise","Factory 5S Implementation — Prevent It Becoming a One-Time Exercise | TBC","Most 5S factory implementations fail to sustain after the initial launch. Learn how to build lasting 5S discipline and real improvement. TBC, NCR.",P2
guide,how-to-reduce-production-downtime-without-expensive-equipment-upgrades,"How to reduce production downtime without expensive equipment upgrades","Reduce Production Downtime — Without Expensive Equipment Upgrades | TBC","Unplanned downtime is an expensive yet preventable problem in manufacturing. Learn how to reduce downtime using basic maintenance discipline. TBC, NCR.",P2
guide,how-to-negotiate-a-commercial-lease-without-overpaying,"How to negotiate a commercial lease without overpaying","Commercial Lease Negotiation — How to Negotiate Without Overpaying | TBC","Indian commercial landlords expect negotiation and build margin into their offers. Learn how to negotiate your commercial lease effectively. TBC, NCR.",P7
guide,how-to-get-your-company-website-to-rank-on-google-without-hiring-an-seo-agency,"How to get your company website to rank on Google without hiring an SEO agency","B2B Google Ranking — How to Rank Without Hiring an SEO Agency | TBC","Most B2B companies pay agencies for vague SEO deliverables with no results. Learn how to rank your website by directly answering user queries. TBC, NCR.",P6
guide,how-to-design-an-esop-plan-that-actually-retains-your-best-people,"How to design an ESOP plan that actually retains your best people","ESOP Plan Design — How to Actually Retain Your Best People | TBC","Most ESOPs are poorly designed and fail to retain top talent. Learn how to build a clear equity story and a wealth-creation opportunity. TBC, NCR.",P1
guide,how-to-hire-your-first-hr-manager-without-overpaying,"How to hire your first HR manager without overpaying","Hiring an HR Manager — How to Hire Your First Without Overpaying | TBC","Founders delay hiring HR because they assume it requires a bloated salary. Learn how to hire a generalist to solve compliance and admin gaps. TBC, NCR.",P3
guide,how-to-manage-subcontractors-without-losing-quality-control,"How to manage subcontractors without losing quality control","Subcontractor Management — How to Outsource Without Losing Quality | TBC","Subcontracting adds capacity but introduces major delivery and quality risks. Learn how to treat subcontractors as an extension of your team. TBC, NCR.",P2
guide,how-to-calculate-and-improve-your-product-margins-accurately,"How to calculate and improve your product margins accurately","Product Margin Calculation — How to Improve Your Margins Accurately | TBC","Many manufacturers have loss-making products subsidized by the rest of the business. Learn how to build an accurate product cost model. TBC, NCR.",P5
guide,how-to-manage-supplier-price-increases-without-passing-them-all-to-your-customers,"How to manage supplier price increases without passing them all to your customers","Supplier Price Increases — Manage Costs Without Impacting Customers | TBC","Reflexively passing commodity price increases to customers damages relationships. Learn a structured approach to manage input cost spikes. TBC, NCR.",P1
guide,how-to-implement-a-vendor-scorecard-system,"How to implement a vendor scorecard system","Vendor Scorecard System — How to Track and Evaluate Your Suppliers | TBC","Relying on intuitive senses of supplier problems prevents objective improvement. Learn how to implement a data-driven vendor scorecard system. TBC, NCR.",P1
guide,how-to-calculate-the-true-cost-of-holding-inventory,"How to calculate the true cost of holding inventory","True Cost of Inventory — How to Calculate Your Real Holding Costs | TBC","The true cost of holding inventory is much higher than the purchase price. Learn how to calculate carrying costs and improve stocking decisions. TBC, NCR.",P1
guide,how-to-use-government-export-incentives-and-schemes-effectively,"How to use government export incentives and schemes effectively","Government Export Incentives — How to Use Schemes Effectively | TBC","Complex compliance requirements stop SMEs from using valuable export incentives. Learn how to leverage government schemes to boost profitability. TBC, NCR.",P2
guide,how-to-package-your-product-for-international-markets,"How to package your product for international markets","International Product Packaging — How to Package for Global Markets | TBC","Poor packaging communicates low quality and loses international orders. Learn how to design packaging that survives export and meets standards. TBC, NCR.",P2
guide,how-to-build-a-spend-analysis-and-find-where-your-money-is-really-going,"How to build a spend analysis and find where your money is really going","Spend Analysis Strategy — Find Where Your Money is Really Going | TBC","Most growing companies have unmanaged procurement spend hidden in the details. Learn how to build a spend analysis for serious cost reduction. TBC, NCR.",P2
guide,how-to-handle-a-critical-supplier-who-is-delivering-late-consistently,"How to handle a critical supplier who is delivering late consistently","Critical Supplier Management — Handling Consistently Late Deliveries | TBC","A consistently late supplier is a strategic risk that will cause customer failures. Learn how to address delays with data-driven conversations. TBC, NCR.",P1
guide,how-to-prepare-for-a-customer-quality-audit,"How to prepare for a customer quality audit","Customer Quality Audit — How to Prepare Your Manufacturing Facility | TBC","Failing a customer quality audit can close supply relationship doors for years. Learn how to proactively prepare for large buyer assessments. TBC, NCR.",P2
guide,how-to-reduce-the-cost-of-quality-in-your-business,"How to reduce the cost of quality in your business","Cost of Quality Reduction — How to Reduce the Cost in Your Business | TBC","Failure costs like scrap and rework are usually higher than prevention costs. Learn how to reduce the true cost of poor quality in operations. TBC, NCR.",P2
guide,how-to-manage-calibration-of-measuring-instruments-in-your-plant,"How to manage calibration of measuring instruments in your plant","Measuring Instrument Calibration — Managing Calibration in Your Plant | TBC","Neglecting instrument calibration means quality decisions are based on wrong measurements. Learn how to establish a robust calibration system. TBC, NCR.",P2
guide,how-to-manage-last-mile-delivery-for-b2b-customers,"How to manage last-mile delivery for B2B customers","B2B Last-Mile Delivery — How to Manage Logistics for Your Customers | TBC","Last-mile delivery heavily impacts B2B service quality and customer perception. Learn how to ensure reliable delivery windows for B2B buyers. TBC, NCR.",P6
guide,how-to-build-a-reverse-logistics-process-for-returns-and-replacements,"How to build a reverse logistics process for returns and replacements","Reverse Logistics Process — Handling B2B Returns and Replacements | TBC","Ad-hoc returns management creates inconsistent decisions and hidden financial impacts. Learn how to build a process to handle reverse logistics. TBC, NCR.",P1
guide,how-to-set-up-a-distributor-incentive-programme-that-actually-drives-sales,"How to set up a distributor incentive programme that actually drives sales","Distributor Incentive Programmes — Set Up Incentives That Drive Sales | TBC","Poorly designed distributor incentives reward volume without building capability. Learn how to drive sustainable sales and distributor behavior. TBC, NCR.",P1
guide,how-to-manage-water-and-waste-costs-in-a-manufacturing-facility,"How to manage water and waste costs in a manufacturing facility","Water and Waste Management — Managing Costs in Manufacturing Facilities | TBC","Water and waste management are growing costs and compliance risks in manufacturing. Learn how to measure and optimize these operational expenses. TBC, NCR.",P5
guide,how-to-manage-spare-parts-inventory-for-your-production-equipment,"How to manage spare parts inventory for your production equipment","Spare Parts Inventory — Managing Inventory for Production Equipment | TBC","Neglected spare parts inventory causes production downtime and ties up capital. Learn how to classify and manage spares by criticality. TBC, NCR.",P2
guide,how-to-implement-quality-control-without-a-dedicated-qc-department,"How to implement quality control without a dedicated QC department","Quality Control Implementation — Implementing Without a QC Department | TBC","Small manufacturers mistakenly believe quality requires a dedicated inspection department. Learn how to build quality checks into the process. TBC, NCR.",P2
